"Year","Disease","Age group","Sex","Number of reported cases","Rate per 100,000"
"2000","Amoebiasis","All","All",,
"2001","Amoebiasis","All","All",,
"2002","Amoebiasis","All","All",,
"2003","Amoebiasis","All","All",,
"2004","Amoebiasis","All","All",,
"2005","Amoebiasis","All","All",,
"2006","Amoebiasis","All","All",,
"2007","Amoebiasis","All","All",,
"2008","Amoebiasis","All","All",,
"2009","Amoebiasis","All","All",,
"2010","Amoebiasis","All","All",,
"2011","Amoebiasis","All","All",,
"2012","Amoebiasis","All","All",,
"2013","Amoebiasis","All","All",,
"2014","Amoebiasis","All","All",,
"2015","Amoebiasis","All","All",,
"2016","Amoebiasis","All","All",,
"2017","Amoebiasis","All","All",,
"2018","Amoebiasis","All","All",,
"2019","Amoebiasis","All","All",,
"2020","Amoebiasis","All","All",,
"2021","Amoebiasis","All","All",,
"2022","Amoebiasis","All","All",,
"2000","Anthrax","All","All",,
"2001","Anthrax","All","All",,
"2002","Anthrax","All","All",0,0
"2003","Anthrax","All","All",0,0
"2004","Anthrax","All","All",0,0
"2005","Anthrax","All","All",0,0
"2006","Anthrax","All","All",1,0.003
"2007","Anthrax","All","All",0,0
"2008","Anthrax","All","All",0,0
"2009","Anthrax","All","All",0,0
"2010","Anthrax","All","All",0,0
"2011","Anthrax","All","All",0,0
"2012","Anthrax","All","All",0,0
"2013","Anthrax","All","All",0,0
"2014","Anthrax","All","All",0,0
"2015","Anthrax","All","All",0,0
"2016","Anthrax","All","All",0,0
"2017","Anthrax","All","All",0,0
"2018","Anthrax","All","All",0,0
"2019","Anthrax","All","All",0,0
"2020","Anthrax","All","All",0,0
"2021","Anthrax","All","All",0,0
"2022","Anthrax","All","All",0,0
"2000","Botulism","All","All",4,0.01
"2001","Botulism","All","All",8,0.03
"2002","Botulism","All","All",10,0.03
"2003","Botulism","All","All",6,0.02
"2004","Botulism","All","All",7,0.02
"2005","Botulism","All","All",1,0.003
"2006","Botulism","All","All",14,0.04
"2007","Botulism","All","All",13,0.04
"2008","Botulism","All","All",11,0.03
"2009","Botulism","All","All",3,0.01
"2010","Botulism","All","All",2,0.01
"2011","Botulism","All","All",7,0.02
"2012","Botulism","All","All",6,0.02
"2013","Botulism","All","All",4,0.01
"2014","Botulism","All","All",0,0
"2015","Botulism","All","All",12,0.03
"2016","Botulism","All","All",7,0.02
"2017","Botulism","All","All",4,0.01
"2018","Botulism","All","All",8,0.02
"2019","Botulism","All","All",7,0.02
"2020","Botulism","All","All",8,0.02
"2021","Botulism","All","All",6,0.02
"2022","Botulism","All","All",9,0.02
"2000","Brucellosis","All","All",6,0.02
"2001","Brucellosis","All","All",9,0.03
"2002","Brucellosis","All","All",8,0.03
"2003","Brucellosis","All","All",6,0.02
"2004","Brucellosis","All","All",8,0.03
"2005","Brucellosis","All","All",11,0.03
"2006","Brucellosis","All","All",5,0.02
"2007","Brucellosis","All","All",10,0.03
"2008","Brucellosis","All","All",12,0.04
"2009","Brucellosis","All","All",8,0.02
"2010","Brucellosis","All","All",10,0.03
"2011","Brucellosis","All","All",9,0.03
"2012","Brucellosis","All","All",12,0.03
"2013","Brucellosis","All","All",23,0.07
"2014","Brucellosis","All","All",7,0.02
"2015","Brucellosis","All","All",11,0.03
"2016","Brucellosis","All","All",9,0.02
"2017","Brucellosis","All","All",9,0.02
"2018","Brucellosis","All","All",17,0.05
"2019","Brucellosis","All","All",11,0.03
"2020","Brucellosis","All","All",12,0.03
"2021","Brucellosis","All","All",8,0.02
"2022","Brucellosis","All","All",18,0.05
"2000","Campylobacteriosis","All","All",12478,40.66
"2001","Campylobacteriosis","All","All",11886,38.32
"2002","Campylobacteriosis","All","All",11523,36.75
"2003","Campylobacteriosis","All","All",10026,31.69
"2004","Campylobacteriosis","All","All",9589,30.02
"2005","Campylobacteriosis","All","All",9948,30.85
"2006","Campylobacteriosis","All","All",9981,30.64
"2007","Campylobacteriosis","All","All",9566,29.09
"2008","Campylobacteriosis","All","All",9464,28.47
"2009","Campylobacteriosis","All","All",8691,25.84
"2010","Campylobacteriosis","All","All",9029,26.55
"2011","Campylobacteriosis","All","All",9495,27.65
"2012","Campylobacteriosis","All","All",10201,29.39
"2013","Campylobacteriosis","All","All",10251,29.22
"2014","Campylobacteriosis","All","All",10121,28.56
"2015","Campylobacteriosis","All","All",9079,25.43
"2016","Campylobacteriosis","All","All",9923,27.48
"2017","Campylobacteriosis","All","All",10401,28.46
"2018","Campylobacteriosis","All","All",10238,27.62
"2019","Campylobacteriosis","All","All",10253,27.26
"2020","Campylobacteriosis","All","All",7425,19.52
"2021","Campylobacteriosis","All","All",7806,20.41
"2022","Campylobacteriosis","All","All",7289,18.72
"2000","Chickenpox","All","All",34866,202.61
"2001","Chickenpox","All","All",17515,106.39
"2002","Chickenpox","All","All",19761,118.13
"2003","Chickenpox","All","All",17572,103.76
"2004","Chickenpox","All","All",1734,10.12
"2005","Chickenpox","All","All",1750,10.08
"2006","Chickenpox","All","All",1041,5.92
"2007","Chickenpox","All","All",870,4.89
"2008","Chickenpox","All","All",1138,6.33
"2009","Chickenpox","All","All",933,18.08
"2010","Chickenpox","All","All",1511,28.92
"2011","Chickenpox","All","All",681,3.67
"2012","Chickenpox","All","All",355,1.89
"2013","Chickenpox","All","All",456,2.4
"2014","Chickenpox","All","All",719,3.74
"2015","Chickenpox","All","All",695,3.68
"2016","Chickenpox","All","All",568,2.97
"2017","Chickenpox","All","All",311,1.61
"2018","Chickenpox","All","All",338,1.72
"2019","Chickenpox","All","All",440,2.2
"2020","Chickenpox","All","All",206,1.02
"2021","Chickenpox","All","All",250,1.16
"2022","Chickenpox","All","All",401,1.83
"2000","Cholera","All","All",5,0.02
"2001","Cholera","All","All",5,0.02
"2002","Cholera","All","All",6,0.02
"2003","Cholera","All","All",5,0.02
"2004","Cholera","All","All",3,0.01
"2005","Cholera","All","All",8,0.02
"2006","Cholera","All","All",3,0.01
"2007","Cholera","All","All",4,0.01
"2008","Cholera","All","All",4,0.01
"2009","Cholera","All","All",3,0.01
"2010","Cholera","All","All",4,0.01
"2011","Cholera","All","All",11,0.03
"2012","Cholera","All","All",1,0.003
"2013","Cholera","All","All",1,0.003
"2014","Cholera","All","All",4,0.01
"2015","Cholera","All","All",3,0.01
"2016","Cholera","All","All",0,0
"2017","Cholera","All","All",5,0.01
"2018","Cholera","All","All",0,0
"2019","Cholera","All","All",4,0.01
"2020","Cholera","All","All",1,0.003
"2021","Cholera","All","All",2,0.01
"2022","Cholera","All","All",9,0.02
"2000","Diphtheria","All","All",0,0
"2001","Diphtheria","All","All",0,0
"2002","Diphtheria","All","All",1,0.003
"2003","Diphtheria","All","All",1,0.003
"2004","Diphtheria","All","All",0,0
"2005","Diphtheria","All","All",0,0
"2006","Diphtheria","All","All",0,0
"2007","Diphtheria","All","All",3,0.01
"2008","Diphtheria","All","All",2,0.01
"2009","Diphtheria","All","All",2,0.01
"2010","Diphtheria","All","All",2,0.01
"2011","Diphtheria","All","All",1,0.003
"2012","Diphtheria","All","All",0,0
"2013","Diphtheria","All","All",0,0
"2014","Diphtheria","All","All",2,0.01
"2015","Diphtheria","All","All",2,0.01
"2016","Diphtheria","All","All",1,0.003
"2017","Diphtheria","All","All",10,0.03
"2018","Diphtheria","All","All",9,0.02
"2019","Diphtheria","All","All",3,0.01
"2020","Diphtheria","All","All",2,0.01
"2021","Diphtheria","All","All",2,0.01
"2022","Diphtheria","All","All",3,0.01
"2000","Giardiasis","All","All",5071,16.53
"2001","Giardiasis","All","All",4850,15.63
"2002","Giardiasis","All","All",4593,14.65
"2003","Giardiasis","All","All",4231,13.37
"2004","Giardiasis","All","All",4178,13.08
"2005","Giardiasis","All","All",4264,13.22
"2006","Giardiasis","All","All",4143,12.72
"2007","Giardiasis","All","All",4208,12.79
"2008","Giardiasis","All","All",4231,12.73
"2009","Giardiasis","All","All",3864,11.49
"2010","Giardiasis","All","All",3962,11.65
"2011","Giardiasis","All","All",3839,11.18
"2012","Giardiasis","All","All",3895,11.22
"2013","Giardiasis","All","All",3806,10.85
"2014","Giardiasis","All","All",3670,10.36
"2015","Giardiasis","All","All",3754,10.51
"2016","Giardiasis","All","All",3857,10.68
"2017","Giardiasis","All","All",3688,10.09
"2018","Giardiasis","All","All",3928,10.6
"2019","Giardiasis","All","All",3928,10.44
"2020","Giardiasis","All","All",2454,6.45
"2021","Giardiasis","All","All",2334,6.1
"2022","Giardiasis","All","All",2438,6.26
"2000","Gonorrhea","All","All",6175,20.12
"2001","Gonorrhea","All","All",6723,21.67
"2002","Gonorrhea","All","All",7219,23.02
"2003","Gonorrhea","All","All",7764,24.54
"2004","Gonorrhea","All","All",8761,27.43
"2005","Gonorrhea","All","All",9170,28.44
"2006","Gonorrhea","All","All",11299,34.69
"2007","Gonorrhea","All","All",11874,36.1
"2008","Gonorrhea","All","All",12634,38
"2009","Gonorrhea","All","All",11156,33.17
"2010","Gonorrhea","All","All",11381,33.47
"2011","Gonorrhea","All","All",11981,34.89
"2012","Gonorrhea","All","All",13027,37.53
"2013","Gonorrhea","All","All",14228,40.56
"2014","Gonorrhea","All","All",16264,45.9
"2015","Gonorrhea","All","All",19817,55.5
"2016","Gonorrhea","All","All",23706,65.65
"2017","Gonorrhea","All","All",29023,79.42
"2018","Gonorrhea","All","All",34719,93.65
"2019","Gonorrhea","All","All",35477,94.31
"2020","Gonorrhea","All","All",30854,81.13
"2021","Gonorrhea","All","All",32195,84.19
"2022","Gonorrhea","All","All",35956,92.34
"2000","Hepatitis A","All","All",468,1.53
"2001","Hepatitis A","All","All",428,1.38
"2002","Hepatitis A","All","All",415,1.32
"2003","Hepatitis A","All","All",386,1.22
"2004","Hepatitis A","All","All",467,1.46
"2005","Hepatitis A","All","All",361,1.12
"2006","Hepatitis A","All","All",478,1.47
"2007","Hepatitis A","All","All",299,0.91
"2008","Hepatitis A","All","All",298,0.9
"2009","Hepatitis A","All","All",276,0.82
"2010","Hepatitis A","All","All",276,0.81
"2011","Hepatitis A","All","All",326,0.95
"2012","Hepatitis A","All","All",246,0.71
"2013","Hepatitis A","All","All",211,0.6
"2014","Hepatitis A","All","All",214,0.6
"2015","Hepatitis A","All","All",183,0.51
"2016","Hepatitis A","All","All",247,0.68
"2017","Hepatitis A","All","All",276,0.76
"2018","Hepatitis A","All","All",380,1.03
"2019","Hepatitis A","All","All",394,1.05
"2020","Hepatitis A","All","All",166,0.44
"2021","Hepatitis A","All","All",175,0.46
"2022","Hepatitis A","All","All",247,0.63
"2000","Hepatitis B","All","All",740,2.41
"2001","Hepatitis B","All","All",595,1.92
"2002","Hepatitis B","All","All",577,1.84
"2003","Hepatitis B","All","All",587,1.86
"2004","Hepatitis B","All","All",923,2.89
"2005","Hepatitis B","All","All",1449,4.49
"2006","Hepatitis B","All","All",1555,4.77
"2007","Hepatitis B","All","All",2960,9
"2008","Hepatitis B","All","All",3479,10.46
"2009","Hepatitis B","All","All",3477,10.34
"2010","Hepatitis B","All","All",3308,9.73
"2011","Hepatitis B","All","All",5622,16.37
"2012","Hepatitis B","All","All",5677,16.35
"2013","Hepatitis B","All","All",5706,16.27
"2014","Hepatitis B","All","All",5373,15.16
"2015","Hepatitis B","All","All",5008,14.03
"2016","Hepatitis B","All","All",5204,14.41
"2017","Hepatitis B","All","All",5131,14.04
"2018","Hepatitis B","All","All",5071,13.68
"2019","Hepatitis B","All","All",5106,13.57
"2020","Hepatitis B","All","All",3326,8.75
"2021","Hepatitis B","All","All",3679,9.62
"2022","Hepatitis B","All","All",3881,9.97
"2000","Hepatitis, non-A, non-B","All","All",,
"2001","Hepatitis, non-A, non-B","All","All",,
"2002","Hepatitis, non-A, non-B","All","All",,
"2003","Hepatitis, non-A, non-B","All","All",,
"2004","Hepatitis, non-A, non-B","All","All",,
"2005","Hepatitis, non-A, non-B","All","All",,
"2006","Hepatitis, non-A, non-B","All","All",,
"2007","Hepatitis, non-A, non-B","All","All",,
"2008","Hepatitis, non-A, non-B","All","All",,
"2009","Hepatitis, non-A, non-B","All","All",,
"2010","Hepatitis, non-A, non-B","All","All",,
"2011","Hepatitis, non-A, non-B","All","All",,
"2012","Hepatitis, non-A, non-B","All","All",,
"2013","Hepatitis, non-A, non-B","All","All",,
"2014","Hepatitis, non-A, non-B","All","All",,
"2015","Hepatitis, non-A, non-B","All","All",,
"2016","Hepatitis, non-A, non-B","All","All",,
"2017","Hepatitis, non-A, non-B","All","All",,
"2018","Hepatitis, non-A, non-B","All","All",,
"2019","Hepatitis, non-A, non-B","All","All",,
"2020","Hepatitis, non-A, non-B","All","All",,
"2021","Hepatitis, non-A, non-B","All","All",,
"2022","Hepatitis, non-A, non-B","All","All",,
"2000","Hepatitis, Unspecified","All","All",,
"2001","Hepatitis, Unspecified","All","All",,
"2002","Hepatitis, Unspecified","All","All",,
"2003","Hepatitis, Unspecified","All","All",,
"2004","Hepatitis, Unspecified","All","All",,
"2005","Hepatitis, Unspecified","All","All",,
"2006","Hepatitis, Unspecified","All","All",,
"2007","Hepatitis, Unspecified","All","All",,
"2008","Hepatitis, Unspecified","All","All",,
"2009","Hepatitis, Unspecified","All","All",,
"2010","Hepatitis, Unspecified","All","All",,
"2011","Hepatitis, Unspecified","All","All",,
"2012","Hepatitis, Unspecified","All","All",,
"2013","Hepatitis, Unspecified","All","All",,
"2014","Hepatitis, Unspecified","All","All",,
"2015","Hepatitis, Unspecified","All","All",,
"2016","Hepatitis, Unspecified","All","All",,
"2017","Hepatitis, Unspecified","All","All",,
"2018","Hepatitis, Unspecified","All","All",,
"2019","Hepatitis, Unspecified","All","All",,
"2020","Hepatitis, Unspecified","All","All",,
"2021","Hepatitis, Unspecified","All","All",,
"2022","Hepatitis, Unspecified","All","All",,
"2000","Influenza, Laboratory Confirmed","All","All",,
"2001","Influenza, Laboratory Confirmed","All","All",,
"2002","Influenza, Laboratory Confirmed","All","All",,
"2003","Influenza, Laboratory Confirmed","All","All",,
"2004","Influenza, Laboratory Confirmed","All","All",,
"2005","Influenza, Laboratory Confirmed","All","All",,
"2006","Influenza, Laboratory Confirmed","All","All",,
"2007","Influenza, Laboratory Confirmed","All","All",,
"2008","Influenza, Laboratory Confirmed","All","All",,
"2009","Influenza, Laboratory Confirmed","All","All",,
"2010","Influenza, Laboratory Confirmed","All","All",,
"2011","Influenza, Laboratory Confirmed","All","All",,
"2012","Influenza, Laboratory Confirmed","All","All",,
"2013","Influenza, Laboratory Confirmed","All","All",,
"2014","Influenza, Laboratory Confirmed","All","All",,
"2015","Influenza, Laboratory Confirmed","All","All",,
"2016","Influenza, Laboratory Confirmed","All","All",,
"2017","Influenza, Laboratory Confirmed","All","All",,
"2018","Influenza, Laboratory Confirmed","All","All",,
"2019","Influenza, Laboratory Confirmed","All","All",,
"2020","Influenza, Laboratory Confirmed","All","All",,
"2021","Influenza, Laboratory Confirmed","All","All",,
"2022","Influenza, Laboratory Confirmed","All","All",,
"2000","Legionellosis","All","All",60,0.2
"2001","Legionellosis","All","All",48,0.15
"2002","Legionellosis","All","All",55,0.18
"2003","Legionellosis","All","All",52,0.16
"2004","Legionellosis","All","All",42,0.13
"2005","Legionellosis","All","All",114,0.35
"2006","Legionellosis","All","All",121,0.37
"2007","Legionellosis","All","All",123,0.37
"2008","Legionellosis","All","All",166,0.5
"2009","Legionellosis","All","All",140,0.42
"2010","Legionellosis","All","All",201,0.59
"2011","Legionellosis","All","All",251,0.73
"2012","Legionellosis","All","All",484,1.39
"2013","Legionellosis","All","All",398,1.13
"2014","Legionellosis","All","All",253,0.71
"2015","Legionellosis","All","All",328,0.92
"2016","Legionellosis","All","All",315,0.87
"2017","Legionellosis","All","All",429,1.17
"2018","Legionellosis","All","All",637,1.72
"2019","Legionellosis","All","All",662,1.76
"2020","Legionellosis","All","All",543,1.43
"2021","Legionellosis","All","All",672,1.76
"2022","Legionellosis","All","All",605,1.55
"2000","Leprosy","All","All",5,0.02
"2001","Leprosy","All","All",7,0.02
"2002","Leprosy","All","All",4,0.01
"2003","Leprosy","All","All",7,0.02
"2004","Leprosy","All","All",6,0.02
"2005","Leprosy","All","All",7,0.02
"2006","Leprosy","All","All",2,0.01
"2007","Leprosy","All","All",2,0.01
"2008","Leprosy","All","All",2,0.01
"2009","Leprosy","All","All",2,0.01
"2010","Leprosy","All","All",4,0.01
"2011","Leprosy","All","All",11,0.03
"2012","Leprosy","All","All",9,0.03
"2013","Leprosy","All","All",2,0.01
"2014","Leprosy","All","All",6,0.02
"2015","Leprosy","All","All",9,0.03
"2016","Leprosy","All","All",8,0.02
"2017","Leprosy","All","All",1,0.003
"2018","Leprosy","All","All",12,0.03
"2019","Leprosy","All","All",3,0.01
"2020","Leprosy","All","All",1,0.003
"2021","Leprosy","All","All",7,0.02
"2022","Leprosy","All","All",3,0.01
"2000","Listeriosis","All","All",,
"2001","Listeriosis","All","All",,
"2002","Listeriosis","All","All",,
"2003","Listeriosis","All","All",,
"2004","Listeriosis","All","All",,
"2005","Listeriosis","All","All",,
"2006","Listeriosis","All","All",,
"2007","Listeriosis","All","All",137,0.42
"2008","Listeriosis","All","All",234,0.7
"2009","Listeriosis","All","All",125,0.37
"2010","Listeriosis","All","All",150,0.44
"2011","Listeriosis","All","All",141,0.41
"2012","Listeriosis","All","All",126,0.36
"2013","Listeriosis","All","All",128,0.36
"2014","Listeriosis","All","All",145,0.41
"2015","Listeriosis","All","All",145,0.41
"2016","Listeriosis","All","All",192,0.53
"2017","Listeriosis","All","All",120,0.33
"2018","Listeriosis","All","All",158,0.43
"2019","Listeriosis","All","All",176,0.47
"2020","Listeriosis","All","All",155,0.41
"2021","Listeriosis","All","All",158,0.41
"2022","Listeriosis","All","All",196,0.5
"2000","Malaria","All","All",438,1.43
"2001","Malaria","All","All",430,1.39
"2002","Malaria","All","All",347,1.11
"2003","Malaria","All","All",365,1.15
"2004","Malaria","All","All",375,1.17
"2005","Malaria","All","All",365,1.13
"2006","Malaria","All","All",333,1.02
"2007","Malaria","All","All",397,1.21
"2008","Malaria","All","All",381,1.15
"2009","Malaria","All","All",364,1.08
"2010","Malaria","All","All",514,1.51
"2011","Malaria","All","All",517,1.51
"2012","Malaria","All","All",480,1.38
"2013","Malaria","All","All",490,1.4
"2014","Malaria","All","All",449,1.27
"2015","Malaria","All","All",552,1.55
"2016","Malaria","All","All",611,1.69
"2017","Malaria","All","All",603,1.65
"2018","Malaria","All","All",368,1.62
"2019","Malaria","All","All",424,1.84
"2020","Malaria","All","All",185,0.8
"2021","Malaria","All","All",197,0.84
"2022","Malaria","All","All",424,1.78
"2000","Measles","All","All",207,0.67
"2001","Measles","All","All",38,0.12
"2002","Measles","All","All",9,0.03
"2003","Measles","All","All",17,0.05
"2004","Measles","All","All",9,0.03
"2005","Measles","All","All",8,0.02
"2006","Measles","All","All",13,0.04
"2007","Measles","All","All",101,0.31
"2008","Measles","All","All",61,0.18
"2009","Measles","All","All",14,0.04
"2010","Measles","All","All",99,0.29
"2011","Measles","All","All",752,2.19
"2012","Measles","All","All",9,0.03
"2013","Measles","All","All",82,0.23
"2014","Measles","All","All",420,1.19
"2015","Measles","All","All",195,0.55
"2016","Measles","All","All",13,0.04
"2017","Measles","All","All",44,0.12
"2018","Measles","All","All",25,0.07
"2019","Measles","All","All",101,0.27
"2020","Measles","All","All",1,0.003
"2021","Measles","All","All",0,0
"2022","Measles","All","All",3,0.01
"2000","Meningitis, Other Bacterial","All","All",,
"2001","Meningitis, Other Bacterial","All","All",,
"2002","Meningitis, Other Bacterial","All","All",,
"2003","Meningitis, Other Bacterial","All","All",,
"2004","Meningitis, Other Bacterial","All","All",,
"2005","Meningitis, Other Bacterial","All","All",,
"2006","Meningitis, Other Bacterial","All","All",,
"2007","Meningitis, Other Bacterial","All","All",,
"2008","Meningitis, Other Bacterial","All","All",,
"2009","Meningitis, Other Bacterial","All","All",,
"2010","Meningitis, Other Bacterial","All","All",,
"2011","Meningitis, Other Bacterial","All","All",,
"2012","Meningitis, Other Bacterial","All","All",,
"2013","Meningitis, Other Bacterial","All","All",,
"2014","Meningitis, Other Bacterial","All","All",,
"2015","Meningitis, Other Bacterial","All","All",,
"2016","Meningitis, Other Bacterial","All","All",,
"2017","Meningitis, Other Bacterial","All","All",,
"2018","Meningitis, Other Bacterial","All","All",,
"2019","Meningitis, Other Bacterial","All","All",,
"2020","Meningitis, Other Bacterial","All","All",,
"2021","Meningitis, Other Bacterial","All","All",,
"2022","Meningitis, Other Bacterial","All","All",,
"2000","Meningitis, Viral","All","All",,
"2001","Meningitis, Viral","All","All",,
"2002","Meningitis, Viral","All","All",,
"2003","Meningitis, Viral","All","All",,
"2004","Meningitis, Viral","All","All",,
"2005","Meningitis, Viral","All","All",,
"2006","Meningitis, Viral","All","All",,
"2007","Meningitis, Viral","All","All",,
"2008","Meningitis, Viral","All","All",,
"2009","Meningitis, Viral","All","All",,
"2010","Meningitis, Viral","All","All",,
"2011","Meningitis, Viral","All","All",,
"2012","Meningitis, Viral","All","All",,
"2013","Meningitis, Viral","All","All",,
"2014","Meningitis, Viral","All","All",,
"2015","Meningitis, Viral","All","All",,
"2016","Meningitis, Viral","All","All",,
"2017","Meningitis, Viral","All","All",,
"2018","Meningitis, Viral","All","All",,
"2019","Meningitis, Viral","All","All",,
"2020","Meningitis, Viral","All","All",,
"2021","Meningitis, Viral","All","All",,
"2022","Meningitis, Viral","All","All",,
"2000","Meningococcal Disease, Invasive","All","All",239,0.78
"2001","Meningococcal Disease, Invasive","All","All",368,1.19
"2002","Meningococcal Disease, Invasive","All","All",212,0.68
"2003","Meningococcal Disease, Invasive","All","All",174,0.55
"2004","Meningococcal Disease, Invasive","All","All",190,0.59
"2005","Meningococcal Disease, Invasive","All","All",181,0.56
"2006","Meningococcal Disease, Invasive","All","All",204,0.63
"2007","Meningococcal Disease, Invasive","All","All",230,0.7
"2008","Meningococcal Disease, Invasive","All","All",197,0.59
"2009","Meningococcal Disease, Invasive","All","All",208,0.62
"2010","Meningococcal Disease, Invasive","All","All",152,0.45
"2011","Meningococcal Disease, Invasive","All","All",170,0.5
"2012","Meningococcal Disease, Invasive","All","All",148,0.43
"2013","Meningococcal Disease, Invasive","All","All",118,0.34
"2014","Meningococcal Disease, Invasive","All","All",100,0.28
"2015","Meningococcal Disease, Invasive","All","All",104,0.29
"2016","Meningococcal Disease, Invasive","All","All",95,0.26
"2017","Meningococcal Disease, Invasive","All","All",118,0.32
"2018","Meningococcal Disease, Invasive","All","All",136,0.37
"2019","Meningococcal Disease, Invasive","All","All",136,0.36
"2020","Meningococcal Disease, Invasive","All","All",83,0.22
"2021","Meningococcal Disease, Invasive","All","All",48,0.13
"2022","Meningococcal Disease, Invasive","All","All",74,0.19
"2000","Mumps","All","All",81,0.26
"2001","Mumps","All","All",102,0.33
"2002","Mumps","All","All",200,0.64
"2003","Mumps","All","All",28,0.09
"2004","Mumps","All","All",33,0.1
"2005","Mumps","All","All",79,0.25
"2006","Mumps","All","All",42,0.13
"2007","Mumps","All","All",1109,3.37
"2008","Mumps","All","All",748,2.25
"2009","Mumps","All","All",187,0.56
"2010","Mumps","All","All",768,2.26
"2011","Mumps","All","All",272,0.79
"2012","Mumps","All","All",48,0.14
"2013","Mumps","All","All",96,0.27
"2014","Mumps","All","All",40,0.11
"2015","Mumps","All","All",59,0.17
"2016","Mumps","All","All",365,1.01
"2017","Mumps","All","All",2266,6.2
"2018","Mumps","All","All",808,2.18
"2019","Mumps","All","All",174,0.46
"2020","Mumps","All","All",77,0.2
"2021","Mumps","All","All",13,0.03
"2022","Mumps","All","All",27,0.07
"2000","Paratyphoid","All","All",,
"2001","Paratyphoid","All","All",,
"2002","Paratyphoid","All","All",,
"2003","Paratyphoid","All","All",,
"2004","Paratyphoid","All","All",,
"2005","Paratyphoid","All","All",,
"2006","Paratyphoid","All","All",,
"2007","Paratyphoid","All","All",,
"2008","Paratyphoid","All","All",,
"2009","Paratyphoid","All","All",,
"2010","Paratyphoid","All","All",,
"2011","Paratyphoid","All","All",,
"2012","Paratyphoid","All","All",,
"2013","Paratyphoid","All","All",,
"2014","Paratyphoid","All","All",,
"2015","Paratyphoid","All","All",,
"2016","Paratyphoid","All","All",,
"2017","Paratyphoid","All","All",,
"2018","Paratyphoid","All","All",,
"2019","Paratyphoid","All","All",,
"2020","Paratyphoid","All","All",,
"2021","Paratyphoid","All","All",,
"2022","Paratyphoid","All","All",,
"2000","Pertussis","All","All",4748,15.47
"2001","Pertussis","All","All",2945,9.49
"2002","Pertussis","All","All",3199,10.2
"2003","Pertussis","All","All",3239,10.24
"2004","Pertussis","All","All",3104,9.72
"2005","Pertussis","All","All",2492,7.73
"2006","Pertussis","All","All",2346,7.2
"2007","Pertussis","All","All",1493,4.54
"2008","Pertussis","All","All",1967,5.92
"2009","Pertussis","All","All",1628,4.84
"2010","Pertussis","All","All",750,2.21
"2011","Pertussis","All","All",694,2.02
"2012","Pertussis","All","All",4653,13.4
"2013","Pertussis","All","All",1281,3.65
"2014","Pertussis","All","All",1531,4.32
"2015","Pertussis","All","All",3522,9.86
"2016","Pertussis","All","All",3951,10.94
"2017","Pertussis","All","All",3586,9.81
"2018","Pertussis","All","All",1467,3.96
"2019","Pertussis","All","All",2139,5.69
"2020","Pertussis","All","All",584,1.54
"2021","Pertussis","All","All",28,0.07
"2022","Pertussis","All","All",184,0.47
"2000","Acquired Immune Deficiency Syndrome","All","All",548,
"2001","Acquired Immune Deficiency Syndrome","All","All",451,
"2002","Acquired Immune Deficiency Syndrome","All","All",457,
"2003","Acquired Immune Deficiency Syndrome","All","All",432,
"2004","Acquired Immune Deficiency Syndrome","All","All",364,
"2005","Acquired Immune Deficiency Syndrome","All","All",478,
"2006","Acquired Immune Deficiency Syndrome","All","All",428,
"2007","Acquired Immune Deficiency Syndrome","All","All",402,
"2008","Acquired Immune Deficiency Syndrome","All","All",419,
"2009","Acquired Immune Deficiency Syndrome","All","All",315,
"2010","Acquired Immune Deficiency Syndrome","All","All",323,
"2011","Acquired Immune Deficiency Syndrome","All","All",291,
"2012","Acquired Immune Deficiency Syndrome","All","All",263,
"2013","Acquired Immune Deficiency Syndrome","All","All",263,
"2014","Acquired Immune Deficiency Syndrome","All","All",243,
"2015","Acquired Immune Deficiency Syndrome","All","All",212,
"2016","Acquired Immune Deficiency Syndrome","All","All",193,
"2017","Acquired Immune Deficiency Syndrome","All","All",158,
"2018","Acquired Immune Deficiency Syndrome","All","All",139,
"2019","Acquired Immune Deficiency Syndrome","All","All",106,
"2020","Acquired Immune Deficiency Syndrome","All","All",122,
"2021","Acquired Immune Deficiency Syndrome","All","All",100,
"2022","Acquired Immune Deficiency Syndrome","All","All",84,
"2000","Plague","All","All",0,0
"2001","Plague","All","All",0,0
"2002","Plague","All","All",0,0
"2003","Plague","All","All",0,0
"2004","Plague","All","All",0,0
"2005","Plague","All","All",0,0
"2006","Plague","All","All",0,0
"2007","Plague","All","All",0,0
"2008","Plague","All","All",0,0
"2009","Plague","All","All",0,0
"2010","Plague","All","All",0,0
"2011","Plague","All","All",0,0
"2012","Plague","All","All",0,0
"2013","Plague","All","All",0,0
"2014","Plague","All","All",0,0
"2015","Plague","All","All",0,0
"2016","Plague","All","All",0,0
"2017","Plague","All","All",0,0
"2018","Plague","All","All",0,0
"2019","Plague","All","All",0,0
"2020","Plague","All","All",0,0
"2021","Plague","All","All",0,0
"2022","Plague","All","All",0,0
"2000","Poliomyelitis","All","All",0,0
"2001","Poliomyelitis","All","All",0,0
"2002","Poliomyelitis","All","All",0,0
"2003","Poliomyelitis","All","All",0,0
"2004","Poliomyelitis","All","All",0,0
"2005","Poliomyelitis","All","All",0,0
"2006","Poliomyelitis","All","All",0,0
"2007","Poliomyelitis","All","All",0,0
"2008","Poliomyelitis","All","All",0,0
"2009","Poliomyelitis","All","All",0,0
"2010","Poliomyelitis","All","All",0,0
"2011","Poliomyelitis","All","All",0,0
"2012","Poliomyelitis","All","All",0,0
"2013","Poliomyelitis","All","All",0,0
"2014","Poliomyelitis","All","All",0,0
"2015","Poliomyelitis","All","All",0,0
"2016","Poliomyelitis","All","All",0,0
"2017","Poliomyelitis","All","All",0,0
"2018","Poliomyelitis","All","All",0,0
"2019","Poliomyelitis","All","All",0,0
"2020","Poliomyelitis","All","All",0,0
"2021","Poliomyelitis","All","All",0,0
"2022","Poliomyelitis","All","All",0,0
"2000","Rabies","All","All",1,0.003
"2001","Rabies","All","All",0,0
"2002","Rabies","All","All",0,0
"2003","Rabies","All","All",1,0.003
"2004","Rabies","All","All",0,0
"2005","Rabies","All","All",0,0
"2006","Rabies","All","All",0,0
"2007","Rabies","All","All",1,0.003
"2008","Rabies","All","All",0,0
"2009","Rabies","All","All",0,0
"2010","Rabies","All","All",0,0
"2011","Rabies","All","All",0,0
"2012","Rabies","All","All",1,0.003
"2013","Rabies","All","All",0,0
"2014","Rabies","All","All",0,0
"2015","Rabies","All","All",0,0
"2016","Rabies","All","All",0,0
"2017","Rabies","All","All",0,0
"2018","Rabies","All","All",0,0
"2019","Rabies","All","All",1,0.003
"2020","Rabies","All","All",0,0
"2021","Rabies","All","All",0,0
"2022","Rabies","All","All",0,0
"2000","Rubella","All","All",29,0.09
"2001","Rubella","All","All",27,0.09
"2002","Rubella","All","All",15,0.05
"2003","Rubella","All","All",14,0.04
"2004","Rubella","All","All",9,0.03
"2005","Rubella","All","All",319,0.99
"2006","Rubella","All","All",9,0.03
"2007","Rubella","All","All",8,0.02
"2008","Rubella","All","All",5,0.02
"2009","Rubella","All","All",7,0.02
"2010","Rubella","All","All",13,0.04
"2011","Rubella","All","All",2,0.01
"2012","Rubella","All","All",2,0.01
"2013","Rubella","All","All",2,0.01
"2014","Rubella","All","All",1,0.003
"2015","Rubella","All","All",0,0
"2016","Rubella","All","All",1,0.003
"2017","Rubella","All","All",0,0
"2018","Rubella","All","All",0,0
"2019","Rubella","All","All",1,0.003
"2020","Rubella","All","All",1,0.003
"2021","Rubella","All","All",1,0.003
"2022","Rubella","All","All",0,0
"2000","Congenital Rubella Syndrome","All","All",1,0.3
"2001","Congenital Rubella Syndrome","All","All",1,0.3
"2002","Congenital Rubella Syndrome","All","All",1,0.3
"2003","Congenital Rubella Syndrome","All","All",1,0.3
"2004","Congenital Rubella Syndrome","All","All",3,0.88
"2005","Congenital Rubella Syndrome","All","All",1,0.29
"2006","Congenital Rubella Syndrome","All","All",0,0
"2007","Congenital Rubella Syndrome","All","All",0,0
"2008","Congenital Rubella Syndrome","All","All",0,0
"2009","Congenital Rubella Syndrome","All","All",1,0.26
"2010","Congenital Rubella Syndrome","All","All",0,0
"2011","Congenital Rubella Syndrome","All","All",1,0.26
"2012","Congenital Rubella Syndrome","All","All",0,0
"2013","Congenital Rubella Syndrome","All","All",0,0
"2014","Congenital Rubella Syndrome","All","All",0,0
"2015","Congenital Rubella Syndrome","All","All",1,0.26
"2016","Congenital Rubella Syndrome","All","All",0,0
"2017","Congenital Rubella Syndrome","All","All",0,0
"2018","Congenital Rubella Syndrome","All","All",1,0.27
"2019","Congenital Rubella Syndrome","All","All",0,0
"2020","Congenital Rubella Syndrome","All","All",0,0
"2021","Congenital Rubella Syndrome","All","All",0,0
"2022","Congenital Rubella Syndrome","All","All",0,0
"2000","Salmonellosis","All","All",5691,18.55
"2001","Salmonellosis","All","All",6074,19.58
"2002","Salmonellosis","All","All",5968,19.03
"2003","Salmonellosis","All","All",5065,16.01
"2004","Salmonellosis","All","All",5098,15.96
"2005","Salmonellosis","All","All",6007,18.63
"2006","Salmonellosis","All","All",5478,16.82
"2007","Salmonellosis","All","All",6137,18.66
"2008","Salmonellosis","All","All",6064,18.24
"2009","Salmonellosis","All","All",5863,17.43
"2010","Salmonellosis","All","All",7015,20.63
"2011","Salmonellosis","All","All",6620,19.28
"2012","Salmonellosis","All","All",6829,19.67
"2013","Salmonellosis","All","All",6184,17.63
"2014","Salmonellosis","All","All",7640,21.56
"2015","Salmonellosis","All","All",7748,21.7
"2016","Salmonellosis","All","All",7721,21.38
"2017","Salmonellosis","All","All",7140,19.54
"2018","Salmonellosis","All","All",7144,19.27
"2019","Salmonellosis","All","All",6008,15.97
"2020","Salmonellosis","All","All",4579,12.04
"2021","Salmonellosis","All","All",3324,8.69
"2022","Salmonellosis","All","All",4523,11.62
"2000","Shigellosis","All","All",1155,3.76
"2001","Shigellosis","All","All",944,3.04
"2002","Shigellosis","All","All",1347,4.3
"2003","Shigellosis","All","All",906,2.86
"2004","Shigellosis","All","All",720,2.25
"2005","Shigellosis","All","All",1014,3.14
"2006","Shigellosis","All","All",647,1.99
"2007","Shigellosis","All","All",833,2.53
"2008","Shigellosis","All","All",750,2.26
"2009","Shigellosis","All","All",689,2.05
"2010","Shigellosis","All","All",912,2.68
"2011","Shigellosis","All","All",978,2.85
"2012","Shigellosis","All","All",1069,3.08
"2013","Shigellosis","All","All",682,1.94
"2014","Shigellosis","All","All",785,2.22
"2015","Shigellosis","All","All",903,2.53
"2016","Shigellosis","All","All",887,2.46
"2017","Shigellosis","All","All",835,2.28
"2018","Shigellosis","All","All",865,2.33
"2019","Shigellosis","All","All",942,2.5
"2020","Shigellosis","All","All",435,1.14
"2021","Shigellosis","All","All",492,1.29
"2022","Shigellosis","All","All",1035,2.66
"2000","Smallpox","All","All",,
"2001","Smallpox","All","All",,
"2002","Smallpox","All","All",0,0
"2003","Smallpox","All","All",0,0
"2004","Smallpox","All","All",0,0
"2005","Smallpox","All","All",0,0
"2006","Smallpox","All","All",0,0
"2007","Smallpox","All","All",0,0
"2008","Smallpox","All","All",0,0
"2009","Smallpox","All","All",0,0
"2010","Smallpox","All","All",0,0
"2011","Smallpox","All","All",0,0
"2012","Smallpox","All","All",0,0
"2013","Smallpox","All","All",0,0
"2014","Smallpox","All","All",0,0
"2015","Smallpox","All","All",0,0
"2016","Smallpox","All","All",0,0
"2017","Smallpox","All","All",0,0
"2018","Smallpox","All","All",0,0
"2019","Smallpox","All","All",0,0
"2020","Smallpox","All","All",0,0
"2021","Smallpox","All","All",0,0
"2022","Smallpox","All","All",0,0
"2000","Scarlet Fever and Streptococcal Sore Throat","All","All",,
"2001","Scarlet Fever and Streptococcal Sore Throat","All","All",,
"2002","Scarlet Fever and Streptococcal Sore Throat","All","All",,
"2003","Scarlet Fever and Streptococcal Sore Throat","All","All",,
"2004","Scarlet Fever and Streptococcal Sore Throat","All","All",,
"2005","Scarlet Fever and Streptococcal Sore Throat","All","All",,
"2006","Scarlet Fever and Streptococcal Sore Throat","All","All",,
"2007","Scarlet Fever and Streptococcal Sore Throat","All","All",,
"2008","Scarlet Fever and Streptococcal Sore Throat","All","All",,
"2009","Scarlet Fever and Streptococcal Sore Throat","All","All",,
"2010","Scarlet Fever and Streptococcal Sore Throat","All","All",,
"2011","Scarlet Fever and Streptococcal Sore Throat","All","All",,
"2012","Scarlet Fever and Streptococcal Sore Throat","All","All",,
"2013","Scarlet Fever and Streptococcal Sore Throat","All","All",,
"2014","Scarlet Fever and Streptococcal Sore Throat","All","All",,
"2015","Scarlet Fever and Streptococcal Sore Throat","All","All",,
"2016","Scarlet Fever and Streptococcal Sore Throat","All","All",,
"2017","Scarlet Fever and Streptococcal Sore Throat","All","All",,
"2018","Scarlet Fever and Streptococcal Sore Throat","All","All",,
"2019","Scarlet Fever and Streptococcal Sore Throat","All","All",,
"2020","Scarlet Fever and Streptococcal Sore Throat","All","All",,
"2021","Scarlet Fever and Streptococcal Sore Throat","All","All",,
"2022","Scarlet Fever and Streptococcal Sore Throat","All","All",,
"2000","Syphilis","All","All",520,1.69
"2001","Syphilis","All","All",627,2.02
"2002","Syphilis","All","All",926,2.95
"2003","Syphilis","All","All",1398,4.42
"2004","Syphilis","All","All",1705,5.34
"2005","Syphilis","All","All",2208,6.85
"2006","Syphilis","All","All",3381,10.38
"2007","Syphilis","All","All",2777,8.44
"2008","Syphilis","All","All",2860,8.6
"2009","Syphilis","All","All",2798,8.32
"2010","Syphilis","All","All",2835,8.34
"2011","Syphilis","All","All",2892,8.42
"2012","Syphilis","All","All",3380,9.74
"2013","Syphilis","All","All",3383,9.64
"2014","Syphilis","All","All",3658,10.32
"2015","Syphilis","All","All",4460,12.49
"2016","Syphilis","All","All",5448,15.09
"2017","Syphilis","All","All",6016,16.46
"2018","Syphilis","All","All",8722,23.53
"2019","Syphilis","All","All",11785,31.33
"2020","Syphilis","All","All",11586,30.47
"2021","Syphilis","All","All",14873,38.89
"2022","Syphilis","All","All",18979,48.74
"2000","Tuberculosis","All","All",1724,5.62
"2001","Tuberculosis","All","All",1772,5.71
"2002","Tuberculosis","All","All",1667,5.32
"2003","Tuberculosis","All","All",1631,5.15
"2004","Tuberculosis","All","All",1613,5.05
"2005","Tuberculosis","All","All",1640,5.09
"2006","Tuberculosis","All","All",1653,5.08
"2007","Tuberculosis","All","All",1575,4.79
"2008","Tuberculosis","All","All",1642,4.94
"2009","Tuberculosis","All","All",1654,4.92
"2010","Tuberculosis","All","All",1586,4.66
"2011","Tuberculosis","All","All",1621,4.72
"2012","Tuberculosis","All","All",1700,4.9
"2013","Tuberculosis","All","All",1651,4.71
"2014","Tuberculosis","All","All",1615,4.56
"2015","Tuberculosis","All","All",1643,4.6
"2016","Tuberculosis","All","All",1763,4.88
"2017","Tuberculosis","All","All",1831,5.01
"2018","Tuberculosis","All","All",1797,4.85
"2019","Tuberculosis","All","All",1921,5.11
"2020","Tuberculosis","All","All",1770,4.65
"2021","Tuberculosis","All","All",1889,4.94
"2022","Tuberculosis","All","All",1971,5.06
"2000","Tetanus","All","All",4,0.01
"2001","Tetanus","All","All",8,0.03
"2002","Tetanus","All","All",1,0.003
"2003","Tetanus","All","All",1,0.003
"2004","Tetanus","All","All",3,0.01
"2005","Tetanus","All","All",4,0.01
"2006","Tetanus","All","All",2,0.01
"2007","Tetanus","All","All",6,0.02
"2008","Tetanus","All","All",2,0.01
"2009","Tetanus","All","All",2,0.01
"2010","Tetanus","All","All",4,0.01
"2011","Tetanus","All","All",2,0.01
"2012","Tetanus","All","All",4,0.01
"2013","Tetanus","All","All",2,0.01
"2014","Tetanus","All","All",6,0.02
"2015","Tetanus","All","All",4,0.01
"2016","Tetanus","All","All",5,0.01
"2017","Tetanus","All","All",4,0.01
"2018","Tetanus","All","All",1,0.003
"2019","Tetanus","All","All",4,0.01
"2020","Tetanus","All","All",3,0.01
"2021","Tetanus","All","All",4,0.01
"2022","Tetanus","All","All",5,0.01
"2000","Trichinosis","All","All",,
"2001","Trichinosis","All","All",,
"2002","Trichinosis","All","All",,
"2003","Trichinosis","All","All",,
"2004","Trichinosis","All","All",,
"2005","Trichinosis","All","All",,
"2006","Trichinosis","All","All",,
"2007","Trichinosis","All","All",,
"2008","Trichinosis","All","All",,
"2009","Trichinosis","All","All",,
"2010","Trichinosis","All","All",,
"2011","Trichinosis","All","All",,
"2012","Trichinosis","All","All",,
"2013","Trichinosis","All","All",,
"2014","Trichinosis","All","All",,
"2015","Trichinosis","All","All",,
"2016","Trichinosis","All","All",,
"2017","Trichinosis","All","All",,
"2018","Trichinosis","All","All",,
"2019","Trichinosis","All","All",,
"2020","Trichinosis","All","All",,
"2021","Trichinosis","All","All",,
"2022","Trichinosis","All","All",,
"2000","Tularemia","All","All",,
"2001","Tularemia","All","All",,
"2002","Tularemia","All","All",1,0.003
"2003","Tularemia","All","All",9,0.03
"2004","Tularemia","All","All",12,0.04
"2005","Tularemia","All","All",22,0.07
"2006","Tularemia","All","All",11,0.03
"2007","Tularemia","All","All",13,0.04
"2008","Tularemia","All","All",6,0.02
"2009","Tularemia","All","All",8,0.02
"2010","Tularemia","All","All",6,0.02
"2011","Tularemia","All","All",6,0.02
"2012","Tularemia","All","All",10,0.03
"2013","Tularemia","All","All",9,0.03
"2014","Tularemia","All","All",10,0.03
"2015","Tularemia","All","All",13,0.04
"2016","Tularemia","All","All",7,0.02
"2017","Tularemia","All","All",4,0.01
"2018","Tularemia","All","All",6,0.02
"2019","Tularemia","All","All",5,0.01
"2020","Tularemia","All","All",5,0.01
"2021","Tularemia","All","All",5,0.01
"2022","Tularemia","All","All",4,0.01
"2000","Human Immunodeficiency Virus Infection","All","All",1962,6.39
"2001","Human Immunodeficiency Virus Infection","All","All",2094,6.75
"2002","Human Immunodeficiency Virus Infection","All","All",2309,7.36
"2003","Human Immunodeficiency Virus Infection","All","All",2318,7.33
"2004","Human Immunodeficiency Virus Infection","All","All",2329,7.29
"2005","Human Immunodeficiency Virus Infection","All","All",2299,7.13
"2006","Human Immunodeficiency Virus Infection","All","All",2338,7.18
"2007","Human Immunodeficiency Virus Infection","All","All",2259,6.87
"2008","Human Immunodeficiency Virus Infection","All","All",2451,7.37
"2009","Human Immunodeficiency Virus Infection","All","All",2210,6.57
"2010","Human Immunodeficiency Virus Infection","All","All",2147,6.31
"2011","Human Immunodeficiency Virus Infection","All","All",2118,6.17
"2012","Human Immunodeficiency Virus Infection","All","All",1911,5.51
"2013","Human Immunodeficiency Virus Infection","All","All",1925,5.49
"2014","Human Immunodeficiency Virus Infection","All","All",1898,5.36
"2015","Human Immunodeficiency Virus Infection","All","All",1933,5.41
"2016","Human Immunodeficiency Virus Infection","All","All",2149,5.95
"2017","Human Immunodeficiency Virus Infection","All","All",2137,5.85
"2018","Human Immunodeficiency Virus Infection","All","All",2285,6.16
"2019","Human Immunodeficiency Virus Infection","All","All",2073,5.51
"2020","Human Immunodeficiency Virus Infection","All","All",1639,4.31
"2021","Human Immunodeficiency Virus Infection","All","All",1468,3.84
"2022","Human Immunodeficiency Virus Infection","All","All",1833,4.71
"2000","Typhoid  ","All","All",86,0.28
"2001","Typhoid  ","All","All",99,0.32
"2002","Typhoid  ","All","All",99,0.32
"2003","Typhoid  ","All","All",112,0.35
"2004","Typhoid  ","All","All",116,0.36
"2005","Typhoid  ","All","All",108,0.33
"2006","Typhoid  ","All","All",147,0.45
"2007","Typhoid  ","All","All",152,0.46
"2008","Typhoid  ","All","All",182,0.55
"2009","Typhoid  ","All","All",142,0.42
"2010","Typhoid  ","All","All",175,0.51
"2011","Typhoid  ","All","All",186,0.54
"2012","Typhoid  ","All","All",143,0.41
"2013","Typhoid  ","All","All",128,0.36
"2014","Typhoid  ","All","All",133,0.38
"2015","Typhoid  ","All","All",121,0.34
"2016","Typhoid  ","All","All",127,0.35
"2017","Typhoid  ","All","All",190,0.52
"2018","Typhoid  ","All","All",190,0.51
"2019","Typhoid  ","All","All",216,0.57
"2020","Typhoid  ","All","All",99,0.26
"2021","Typhoid  ","All","All",58,0.15
"2022","Typhoid  ","All","All",239,0.61
"2000","Yellow Fever","All","All",0,0
"2001","Yellow Fever","All","All",0,0
"2002","Yellow Fever","All","All",0,0
"2003","Yellow Fever","All","All",0,0
"2004","Yellow Fever","All","All",0,0
"2005","Yellow Fever","All","All",0,0
"2006","Yellow Fever","All","All",0,0
"2007","Yellow Fever","All","All",0,0
"2008","Yellow Fever","All","All",1,0.003
"2009","Yellow Fever","All","All",0,0
"2010","Yellow Fever","All","All",0,0
"2011","Yellow Fever","All","All",2,0.01
"2012","Yellow Fever","All","All",2,0.01
"2013","Yellow Fever","All","All",0,0
"2014","Yellow Fever","All","All",4,0.01
"2015","Yellow Fever","All","All",3,0.01
"2016","Yellow Fever","All","All",2,0.01
"2017","Yellow Fever","All","All",0,0
"2018","Yellow Fever","All","All",1,0.004
"2019","Yellow Fever","All","All",2,0.01
"2020","Yellow Fever","All","All",1,0.004
"2021","Yellow Fever","All","All",0,0
"2022","Yellow Fever","All","All",1,0.004
"2000","Group B Streptococcal Disease of the Newborn","All","All",55,26.86
"2001","Group B Streptococcal Disease of the Newborn","All","All",72,34.4
"2002","Group B Streptococcal Disease of the Newborn","All","All",73,35.64
"2003","Group B Streptococcal Disease of the Newborn","All","All",73,35.06
"2004","Group B Streptococcal Disease of the Newborn","All","All",63,29.95
"2005","Group B Streptococcal Disease of the Newborn","All","All",67,31.49
"2006","Group B Streptococcal Disease of the Newborn","All","All",70,32.38
"2007","Group B Streptococcal Disease of the Newborn","All","All",53,23.92
"2008","Group B Streptococcal Disease of the Newborn","All","All",65,28.69
"2009","Group B Streptococcal Disease of the Newborn","All","All",56,24.62
"2010","Group B Streptococcal Disease of the Newborn","All","All",67,29.9
"2011","Group B Streptococcal Disease of the Newborn","All","All",70,25.46
"2012","Group B Streptococcal Disease of the Newborn","All","All",78,28.08
"2013","Group B Streptococcal Disease of the Newborn","All","All",91,33
"2014","Group B Streptococcal Disease of the Newborn","All","All",101,36.07
"2015","Group B Streptococcal Disease of the Newborn","All","All",95,32.1
"2016","Group B Streptococcal Disease of the Newborn","All","All",113,37.96
"2017","Group B Streptococcal Disease of the Newborn","All","All",112,38.07
"2018","Group B Streptococcal Disease of the Newborn","All","All",91,31.25
"2019","Group B Streptococcal Disease of the Newborn","All","All",63,22.94
"2020","Group B Streptococcal Disease of the Newborn","All","All",44,16.59
"2021","Group B Streptococcal Disease of the Newborn","All","All",56,20.52
"2022","Group B Streptococcal Disease of the Newborn","All","All",44,16.84
"2000","Chlamydia","All","All",45841,149.39
"2001","Chlamydia","All","All",49975,161.1
"2002","Chlamydia","All","All",56181,179.15
"2003","Chlamydia","All","All",60028,189.71
"2004","Chlamydia","All","All",64109,200.72
"2005","Chlamydia","All","All",66406,205.96
"2006","Chlamydia","All","All",69336,212.88
"2007","Chlamydia","All","All",73937,224.81
"2008","Chlamydia","All","All",82708,248.77
"2009","Chlamydia","All","All",87283,259.54
"2010","Chlamydia","All","All",94716,278.53
"2011","Chlamydia","All","All",101393,295.27
"2012","Chlamydia","All","All",105281,303.29
"2013","Chlamydia","All","All",105322,300.23
"2014","Chlamydia","All","All",109282,308.41
"2015","Chlamydia","All","All",116445,326.14
"2016","Chlamydia","All","All",121221,335.69
"2017","Chlamydia","All","All",126319,345.65
"2018","Chlamydia","All","All",133435,359.93
"2019","Chlamydia","All","All",139577,371.03
"2020","Chlamydia","All","All",106055,278.88
"2021","Chlamydia","All","All",104453,273.15
"2022","Chlamydia","All","All",116474,299.12
"2000","Viral Haemorrhagic Fever","All","All",,
"2001","Viral Haemorrhagic Fever","All","All",,
"2002","Viral Haemorrhagic Fever","All","All",0,0
"2003","Viral Haemorrhagic Fever","All","All",0,0
"2004","Viral Haemorrhagic Fever","All","All",0,0
"2005","Viral Haemorrhagic Fever","All","All",0,0
"2006","Viral Haemorrhagic Fever","All","All",0,0
"2007","Viral Haemorrhagic Fever","All","All",0,0
"2008","Viral Haemorrhagic Fever","All","All",0,0
"2009","Viral Haemorrhagic Fever","All","All",0,0
"2010","Viral Haemorrhagic Fever","All","All",0,0
"2011","Viral Haemorrhagic Fever","All","All",0,0
"2012","Viral Haemorrhagic Fever","All","All",0,0
"2013","Viral Haemorrhagic Fever","All","All",0,0
"2014","Viral Haemorrhagic Fever","All","All",0,0
"2015","Viral Haemorrhagic Fever","All","All",0,0
"2016","Viral Haemorrhagic Fever","All","All",0,0
"2017","Viral Haemorrhagic Fever","All","All",0,0
"2018","Viral Haemorrhagic Fever","All","All",0,0
"2019","Viral Haemorrhagic Fever","All","All",0,0
"2020","Viral Haemorrhagic Fever","All","All",0,0
"2021","Viral Haemorrhagic Fever","All","All",0,0
"2022","Viral Haemorrhagic Fever","All","All",0,0
"2000","Haemophilus influenzae Disease, type b, Invasive","All","All",33,0.11
"2001","Haemophilus influenzae Disease, type b, Invasive","All","All",46,0.15
"2002","Haemophilus influenzae Disease, type b, Invasive","All","All",50,0.16
"2003","Haemophilus influenzae Disease, type b, Invasive","All","All",44,0.14
"2004","Haemophilus influenzae Disease, type b, Invasive","All","All",38,0.12
"2005","Haemophilus influenzae Disease, type b, Invasive","All","All",30,0.09
"2006","Haemophilus influenzae Disease, type b, Invasive","All","All",32,0.1
"2007","Haemophilus influenzae Disease, type b, Invasive","All","All",27,0.08
"2008","Haemophilus influenzae Disease, type b, Invasive","All","All",44,0.14
"2009","Haemophilus influenzae Disease, type b, Invasive","All","All",18,0.05
"2010","Haemophilus influenzae Disease, type b, Invasive","All","All",17,0.05
"2011","Haemophilus influenzae Disease, type b, Invasive","All","All",27,0.08
"2012","Haemophilus influenzae Disease, type b, Invasive","All","All",24,0.07
"2013","Haemophilus influenzae Disease, type b, Invasive","All","All",33,0.1
"2014","Haemophilus influenzae Disease, type b, Invasive","All","All",26,0.07
"2015","Haemophilus influenzae Disease, type b, Invasive","All","All",27,0.08
"2016","Haemophilus influenzae Disease, type b, Invasive","All","All",12,0.03
"2017","Haemophilus influenzae Disease, type b, Invasive","All","All",18,0.05
"2018","Haemophilus influenzae Disease, type b, Invasive","All","All",19,0.05
"2019","Haemophilus influenzae Disease, type b, Invasive","All","All",13,0.04
"2020","Haemophilus influenzae Disease, type b, Invasive","All","All",11,0.03
"2021","Haemophilus influenzae Disease, type b, Invasive","All","All",14,0.04
"2022","Haemophilus influenzae Disease, type b, Invasive","All","All",37,0.1
"2000","Lyme Disease","All","All",,
"2001","Lyme Disease","All","All",,
"2002","Lyme Disease","All","All",,
"2003","Lyme Disease","All","All",,
"2004","Lyme Disease","All","All",,
"2005","Lyme Disease","All","All",,
"2006","Lyme Disease","All","All",,
"2007","Lyme Disease","All","All",,
"2008","Lyme Disease","All","All",,
"2009","Lyme Disease","All","All",114,0.34
"2010","Lyme Disease","All","All",105,0.31
"2011","Lyme Disease","All","All",188,0.55
"2012","Lyme Disease","All","All",217,0.63
"2013","Lyme Disease","All","All",481,1.37
"2014","Lyme Disease","All","All",393,1.11
"2015","Lyme Disease","All","All",715,2
"2016","Lyme Disease","All","All",756,2.09
"2017","Lyme Disease","All","All",1673,4.58
"2018","Lyme Disease","All","All",1220,3.29
"2019","Lyme Disease","All","All",2268,6.03
"2020","Lyme Disease","All","All",1461,3.84
"2021","Lyme Disease","All","All",2988,7.81
"2022","Lyme Disease","All","All",2431,6.24
"2000","Verotoxigenic Escherichia coli Infection","All","All",3011,9.81
"2001","Verotoxigenic Escherichia coli Infection","All","All",1334,4.3
"2002","Verotoxigenic Escherichia coli Infection","All","All",1241,3.96
"2003","Verotoxigenic Escherichia coli Infection","All","All",1084,3.43
"2004","Verotoxigenic Escherichia coli Infection","All","All",1099,3.44
"2005","Verotoxigenic Escherichia coli Infection","All","All",801,2.48
"2006","Verotoxigenic Escherichia coli Infection","All","All",1079,3.31
"2007","Verotoxigenic Escherichia coli Infection","All","All",1065,3.24
"2008","Verotoxigenic Escherichia coli Infection","All","All",760,2.29
"2009","Verotoxigenic Escherichia coli Infection","All","All",612,1.82
"2010","Verotoxigenic Escherichia coli Infection","All","All",544,1.6
"2011","Verotoxigenic Escherichia coli Infection","All","All",640,1.86
"2012","Verotoxigenic Escherichia coli Infection","All","All",684,1.97
"2013","Verotoxigenic Escherichia coli Infection","All","All",633,1.8
"2014","Verotoxigenic Escherichia coli Infection","All","All",646,1.82
"2015","Verotoxigenic Escherichia coli Infection","All","All",632,1.77
"2016","Verotoxigenic Escherichia coli Infection","All","All",709,1.96
"2017","Verotoxigenic Escherichia coli Infection","All","All",806,2.21
"2018","Verotoxigenic Escherichia coli Infection","All","All",1088,2.93
"2019","Verotoxigenic Escherichia coli Infection","All","All",1176,3.13
"2020","Verotoxigenic Escherichia coli Infection","All","All",701,1.84
"2021","Verotoxigenic Escherichia coli Infection","All","All",780,2.04
"2022","Verotoxigenic Escherichia coli Infection","All","All",1051,2.7
"2000","Meningitis, Pneumococcal","All","All",,
"2001","Meningitis, Pneumococcal","All","All",,
"2002","Meningitis, Pneumococcal","All","All",,
"2003","Meningitis, Pneumococcal","All","All",,
"2004","Meningitis, Pneumococcal","All","All",,
"2005","Meningitis, Pneumococcal","All","All",,
"2006","Meningitis, Pneumococcal","All","All",,
"2007","Meningitis, Pneumococcal","All","All",,
"2008","Meningitis, Pneumococcal","All","All",,
"2009","Meningitis, Pneumococcal","All","All",,
"2010","Meningitis, Pneumococcal","All","All",,
"2011","Meningitis, Pneumococcal","All","All",,
"2012","Meningitis, Pneumococcal","All","All",,
"2013","Meningitis, Pneumococcal","All","All",,
"2014","Meningitis, Pneumococcal","All","All",,
"2015","Meningitis, Pneumococcal","All","All",,
"2016","Meningitis, Pneumococcal","All","All",,
"2017","Meningitis, Pneumococcal","All","All",,
"2018","Meningitis, Pneumococcal","All","All",,
"2019","Meningitis, Pneumococcal","All","All",,
"2020","Meningitis, Pneumococcal","All","All",,
"2021","Meningitis, Pneumococcal","All","All",,
"2022","Meningitis, Pneumococcal","All","All",,
"2000","Group A Streptococcal Disease, Invasive","All","All",863,2.81
"2001","Group A Streptococcal Disease, Invasive","All","All",830,2.68
"2002","Group A Streptococcal Disease, Invasive","All","All",866,2.76
"2003","Group A Streptococcal Disease, Invasive","All","All",1039,3.28
"2004","Group A Streptococcal Disease, Invasive","All","All",857,2.68
"2005","Group A Streptococcal Disease, Invasive","All","All",1025,3.18
"2006","Group A Streptococcal Disease, Invasive","All","All",1194,3.67
"2007","Group A Streptococcal Disease, Invasive","All","All",1419,4.31
"2008","Group A Streptococcal Disease, Invasive","All","All",1469,4.42
"2009","Group A Streptococcal Disease, Invasive","All","All",1354,4.03
"2010","Group A Streptococcal Disease, Invasive","All","All",1410,4.15
"2011","Group A Streptococcal Disease, Invasive","All","All",1643,4.78
"2012","Group A Streptococcal Disease, Invasive","All","All",1618,4.66
"2013","Group A Streptococcal Disease, Invasive","All","All",1665,4.75
"2014","Group A Streptococcal Disease, Invasive","All","All",1831,5.17
"2015","Group A Streptococcal Disease, Invasive","All","All",1894,5.3
"2016","Group A Streptococcal Disease, Invasive","All","All",2168,6
"2017","Group A Streptococcal Disease, Invasive","All","All",2492,6.82
"2018","Group A Streptococcal Disease, Invasive","All","All",3190,8.6
"2019","Group A Streptococcal Disease, Invasive","All","All",3093,8.22
"2020","Group A Streptococcal Disease, Invasive","All","All",2601,6.84
"2021","Group A Streptococcal Disease, Invasive","All","All",2140,5.6
"2022","Group A Streptococcal Disease, Invasive","All","All",2544,6.53
"2000","Food Poisoning ","All","All",,
"2001","Food Poisoning ","All","All",,
"2002","Food Poisoning ","All","All",,
"2003","Food Poisoning ","All","All",,
"2004","Food Poisoning ","All","All",,
"2005","Food Poisoning ","All","All",,
"2006","Food Poisoning ","All","All",,
"2007","Food Poisoning ","All","All",,
"2008","Food Poisoning ","All","All",,
"2009","Food Poisoning ","All","All",,
"2010","Food Poisoning ","All","All",,
"2011","Food Poisoning ","All","All",,
"2012","Food Poisoning ","All","All",,
"2013","Food Poisoning ","All","All",,
"2014","Food Poisoning ","All","All",,
"2015","Food Poisoning ","All","All",,
"2016","Food Poisoning ","All","All",,
"2017","Food Poisoning ","All","All",,
"2018","Food Poisoning ","All","All",,
"2019","Food Poisoning ","All","All",,
"2020","Food Poisoning ","All","All",,
"2021","Food Poisoning ","All","All",,
"2022","Food Poisoning ","All","All",,
"2000","Typhoid and Paratyphoid","All","All",,
"2001","Typhoid and Paratyphoid","All","All",,
"2002","Typhoid and Paratyphoid","All","All",,
"2003","Typhoid and Paratyphoid","All","All",,
"2004","Typhoid and Paratyphoid","All","All",,
"2005","Typhoid and Paratyphoid","All","All",,
"2006","Typhoid and Paratyphoid","All","All",,
"2007","Typhoid and Paratyphoid","All","All",,
"2008","Typhoid and Paratyphoid","All","All",,
"2009","Typhoid and Paratyphoid","All","All",,
"2010","Typhoid and Paratyphoid","All","All",,
"2011","Typhoid and Paratyphoid","All","All",,
"2012","Typhoid and Paratyphoid","All","All",,
"2013","Typhoid and Paratyphoid","All","All",,
"2014","Typhoid and Paratyphoid","All","All",,
"2015","Typhoid and Paratyphoid","All","All",,
"2016","Typhoid and Paratyphoid","All","All",,
"2017","Typhoid and Paratyphoid","All","All",,
"2018","Typhoid and Paratyphoid","All","All",,
"2019","Typhoid and Paratyphoid","All","All",,
"2020","Typhoid and Paratyphoid","All","All",,
"2021","Typhoid and Paratyphoid","All","All",,
"2022","Typhoid and Paratyphoid","All","All",,
"2000","Dysentery - Type Unspecified","All","All",,
"2001","Dysentery - Type Unspecified","All","All",,
"2002","Dysentery - Type Unspecified","All","All",,
"2003","Dysentery - Type Unspecified","All","All",,
"2004","Dysentery - Type Unspecified","All","All",,
"2005","Dysentery - Type Unspecified","All","All",,
"2006","Dysentery - Type Unspecified","All","All",,
"2007","Dysentery - Type Unspecified","All","All",,
"2008","Dysentery - Type Unspecified","All","All",,
"2009","Dysentery - Type Unspecified","All","All",,
"2010","Dysentery - Type Unspecified","All","All",,
"2011","Dysentery - Type Unspecified","All","All",,
"2012","Dysentery - Type Unspecified","All","All",,
"2013","Dysentery - Type Unspecified","All","All",,
"2014","Dysentery - Type Unspecified","All","All",,
"2015","Dysentery - Type Unspecified","All","All",,
"2016","Dysentery - Type Unspecified","All","All",,
"2017","Dysentery - Type Unspecified","All","All",,
"2018","Dysentery - Type Unspecified","All","All",,
"2019","Dysentery - Type Unspecified","All","All",,
"2020","Dysentery - Type Unspecified","All","All",,
"2021","Dysentery - Type Unspecified","All","All",,
"2022","Dysentery - Type Unspecified","All","All",,
"2000","Hepatitis C","All","All",17734,57.79
"2001","Hepatitis C","All","All",16828,54.25
"2002","Hepatitis C","All","All",15941,50.83
"2003","Hepatitis C","All","All",14791,46.74
"2004","Hepatitis C","All","All",14417,45.14
"2005","Hepatitis C","All","All",12989,40.29
"2006","Hepatitis C","All","All",11999,36.84
"2007","Hepatitis C","All","All",11971,36.4
"2008","Hepatitis C","All","All",11867,35.69
"2009","Hepatitis C","All","All",11168,33.21
"2010","Hepatitis C","All","All",10552,31.03
"2011","Hepatitis C","All","All",10113,29.45
"2012","Hepatitis C","All","All",10205,29.4
"2013","Hepatitis C","All","All",10366,29.55
"2014","Hepatitis C","All","All",10496,29.62
"2015","Hepatitis C","All","All",10920,30.58
"2016","Hepatitis C","All","All",11338,31.4
"2017","Hepatitis C","All","All",11837,32.39
"2018","Hepatitis C","All","All",12572,33.91
"2019","Hepatitis C","All","All",11412,30.34
"2020","Hepatitis C","All","All",7403,19.47
"2021","Hepatitis C","All","All",7585,19.84
"2022","Hepatitis C","All","All",7124,18.3
"2000","Syphilis, Congenital","All","All",2,0.61
"2001","Syphilis, Congenital","All","All",1,0.3
"2002","Syphilis, Congenital","All","All",4,1.21
"2003","Syphilis, Congenital","All","All",2,0.59
"2004","Syphilis, Congenital","All","All",1,0.29
"2005","Syphilis, Congenital","All","All",9,2.61
"2006","Syphilis, Congenital","All","All",6,1.68
"2007","Syphilis, Congenital","All","All",7,1.89
"2008","Syphilis, Congenital","All","All",5,1.31
"2009","Syphilis, Congenital","All","All",10,2.6
"2010","Syphilis, Congenital","All","All",5,1.32
"2011","Syphilis, Congenital","All","All",5,1.32
"2012","Syphilis, Congenital","All","All",3,0.78
"2013","Syphilis, Congenital","All","All",1,0.26
"2014","Syphilis, Congenital","All","All",1,0.26
"2015","Syphilis, Congenital","All","All",5,1.31
"2016","Syphilis, Congenital","All","All",4,1.04
"2017","Syphilis, Congenital","All","All",8,2.12
"2018","Syphilis, Congenital","All","All",16,4.27
"2019","Syphilis, Congenital","All","All",49,13.12
"2020","Syphilis, Congenital","All","All",55,15.23
"2021","Syphilis, Congenital","All","All",102,27.39
"2022","Syphilis, Congenital","All","All",121,34.06
"2000","Cryptosporidiosis","All","All",624,2.67
"2001","Cryptosporidiosis","All","All",1763,7.46
"2002","Cryptosporidiosis","All","All",588,2.46
"2003","Cryptosporidiosis","All","All",650,2.69
"2004","Cryptosporidiosis","All","All",596,1.87
"2005","Cryptosporidiosis","All","All",608,1.89
"2006","Cryptosporidiosis","All","All",789,2.42
"2007","Cryptosporidiosis","All","All",875,2.66
"2008","Cryptosporidiosis","All","All",802,2.41
"2009","Cryptosporidiosis","All","All",620,1.84
"2010","Cryptosporidiosis","All","All",642,1.89
"2011","Cryptosporidiosis","All","All",586,1.71
"2012","Cryptosporidiosis","All","All",748,2.15
"2013","Cryptosporidiosis","All","All",833,2.37
"2014","Cryptosporidiosis","All","All",887,2.5
"2015","Cryptosporidiosis","All","All",873,2.45
"2016","Cryptosporidiosis","All","All",969,2.68
"2017","Cryptosporidiosis","All","All",797,2.18
"2018","Cryptosporidiosis","All","All",1314,3.54
"2019","Cryptosporidiosis","All","All",1521,4.04
"2020","Cryptosporidiosis","All","All",933,2.45
"2021","Cryptosporidiosis","All","All",966,2.53
"2022","Cryptosporidiosis","All","All",926,2.38
"2000","Acute Flaccid Paralysis","All","All",64,1.09
"2001","Acute Flaccid Paralysis","All","All",52,0.89
"2002","Acute Flaccid Paralysis","All","All",44,0.76
"2003","Acute Flaccid Paralysis","All","All",44,0.76
"2004","Acute Flaccid Paralysis","All","All",38,0.66
"2005","Acute Flaccid Paralysis","All","All",53,0.93
"2006","Acute Flaccid Paralysis","All","All",39,0.69
"2007","Acute Flaccid Paralysis","All","All",50,0.89
"2008","Acute Flaccid Paralysis","All","All",42,0.75
"2009","Acute Flaccid Paralysis","All","All",59,1.05
"2010","Acute Flaccid Paralysis","All","All",47,0.84
"2011","Acute Flaccid Paralysis","All","All",44,0.78
"2012","Acute Flaccid Paralysis","All","All",33,0.58
"2013","Acute Flaccid Paralysis","All","All",36,0.63
"2014","Acute Flaccid Paralysis","All","All",51,0.89
"2015","Acute Flaccid Paralysis","All","All",27,0.47
"2016","Acute Flaccid Paralysis","All","All",52,0.89
"2017","Acute Flaccid Paralysis","All","All",32,0.54
"2018","Acute Flaccid Paralysis","All","All",73,1.22
"2019","Acute Flaccid Paralysis","All","All",36,0.59
"2020","Acute Flaccid Paralysis","All","All",30,0.49
"2021","Acute Flaccid Paralysis","All","All",9,0.15
"2022","Acute Flaccid Paralysis","All","All",28,0.46
"2000","Creutzfeldt-Jakob Disease","All","All",35,0.11
"2001","Creutzfeldt-Jakob Disease","All","All",30,0.1
"2002","Creutzfeldt-Jakob Disease","All","All",36,0.11
"2003","Creutzfeldt-Jakob Disease","All","All",29,0.09
"2004","Creutzfeldt-Jakob Disease","All","All",44,0.14
"2005","Creutzfeldt-Jakob Disease","All","All",44,0.14
"2006","Creutzfeldt-Jakob Disease","All","All",44,0.14
"2007","Creutzfeldt-Jakob Disease","All","All",39,0.12
"2008","Creutzfeldt-Jakob Disease","All","All",49,0.15
"2009","Creutzfeldt-Jakob Disease","All","All",53,0.16
"2010","Creutzfeldt-Jakob Disease","All","All",38,0.11
"2011","Creutzfeldt-Jakob Disease","All","All",50,0.15
"2012","Creutzfeldt-Jakob Disease","All","All",63,0.18
"2013","Creutzfeldt-Jakob Disease","All","All",51,0.15
"2014","Creutzfeldt-Jakob Disease","All","All",56,0.16
"2015","Creutzfeldt-Jakob Disease","All","All",52,0.15
"2016","Creutzfeldt-Jakob Disease","All","All",64,0.18
"2017","Creutzfeldt-Jakob Disease","All","All",87,0.24
"2018","Creutzfeldt-Jakob Disease","All","All",81,0.22
"2019","Creutzfeldt-Jakob Disease","All","All",79,0.21
"2020","Creutzfeldt-Jakob Disease","All","All",69,0.18
"2021","Creutzfeldt-Jakob Disease","All","All",64,0.17
"2022","Creutzfeldt-Jakob Disease","All","All",91,0.23
"2000","Cyclosporiasis","All","All",28,0.12
"2001","Cyclosporiasis","All","All",71,0.31
"2002","Cyclosporiasis","All","All",81,0.35
"2003","Cyclosporiasis","All","All",78,0.34
"2004","Cyclosporiasis","All","All",137,0.44
"2005","Cyclosporiasis","All","All",208,0.66
"2006","Cyclosporiasis","All","All",157,0.5
"2007","Cyclosporiasis","All","All",175,0.55
"2008","Cyclosporiasis","All","All",151,0.47
"2009","Cyclosporiasis","All","All",222,0.68
"2010","Cyclosporiasis","All","All",214,0.65
"2011","Cyclosporiasis","All","All",141,0.42
"2012","Cyclosporiasis","All","All",108,0.32
"2013","Cyclosporiasis","All","All",148,0.43
"2014","Cyclosporiasis","All","All",227,0.65
"2015","Cyclosporiasis","All","All",333,0.93
"2016","Cyclosporiasis","All","All",378,1.05
"2017","Cyclosporiasis","All","All",374,1.02
"2018","Cyclosporiasis","All","All",337,0.91
"2019","Cyclosporiasis","All","All",497,1.32
"2020","Cyclosporiasis","All","All",487,1.28
"2021","Cyclosporiasis","All","All",122,0.32
"2022","Cyclosporiasis","All","All",663,1.7
"2000","Hantavirus Pulmonary Syndrome","All","All",3,0.01
"2001","Hantavirus Pulmonary Syndrome","All","All",3,0.01
"2002","Hantavirus Pulmonary Syndrome","All","All",6,0.02
"2003","Hantavirus Pulmonary Syndrome","All","All",2,0.01
"2004","Hantavirus Pulmonary Syndrome","All","All",5,0.02
"2005","Hantavirus Pulmonary Syndrome","All","All",8,0.03
"2006","Hantavirus Pulmonary Syndrome","All","All",4,0.01
"2007","Hantavirus Pulmonary Syndrome","All","All",5,0.02
"2008","Hantavirus Pulmonary Syndrome","All","All",3,0.01
"2009","Hantavirus Pulmonary Syndrome","All","All",0,0
"2010","Hantavirus Pulmonary Syndrome","All","All",3,0.01
"2011","Hantavirus Pulmonary Syndrome","All","All",5,0.01
"2012","Hantavirus Pulmonary Syndrome","All","All",5,0.01
"2013","Hantavirus Pulmonary Syndrome","All","All",13,0.04
"2014","Hantavirus Pulmonary Syndrome","All","All",10,0.03
"2015","Hantavirus Pulmonary Syndrome","All","All",9,0.03
"2016","Hantavirus Pulmonary Syndrome","All","All",4,0.01
"2017","Hantavirus Pulmonary Syndrome","All","All",7,0.02
"2018","Hantavirus Pulmonary Syndrome","All","All",3,0.01
"2019","Hantavirus Pulmonary Syndrome","All","All",8,0.02
"2020","Hantavirus Pulmonary Syndrome","All","All",4,0.01
"2021","Hantavirus Pulmonary Syndrome","All","All",0,0
"2022","Hantavirus Pulmonary Syndrome","All","All",2,0.01
"2000","Pneumococcal Disease, Invasive","All","All",1357,7.14
"2001","Pneumococcal Disease, Invasive","All","All",1733,5.59
"2002","Pneumococcal Disease, Invasive","All","All",2261,7.21
"2003","Pneumococcal Disease, Invasive","All","All",2725,8.61
"2004","Pneumococcal Disease, Invasive","All","All",2914,9.12
"2005","Pneumococcal Disease, Invasive","All","All",2857,8.86
"2006","Pneumococcal Disease, Invasive","All","All",2883,8.85
"2007","Pneumococcal Disease, Invasive","All","All",3247,9.87
"2008","Pneumococcal Disease, Invasive","All","All",3192,9.6
"2009","Pneumococcal Disease, Invasive","All","All",3291,9.79
"2010","Pneumococcal Disease, Invasive","All","All",3345,9.84
"2011","Pneumococcal Disease, Invasive","All","All",3307,9.63
"2012","Pneumococcal Disease, Invasive","All","All",3419,9.85
"2013","Pneumococcal Disease, Invasive","All","All",3185,9.08
"2014","Pneumococcal Disease, Invasive","All","All",3177,8.97
"2015","Pneumococcal Disease, Invasive","All","All",3211,8.99
"2016","Pneumococcal Disease, Invasive","All","All",3290,9.11
"2017","Pneumococcal Disease, Invasive","All","All",3478,9.52
"2018","Pneumococcal Disease, Invasive","All","All",4026,10.86
"2019","Pneumococcal Disease, Invasive","All","All",3772,10.03
"2020","Pneumococcal Disease, Invasive","All","All",2240,5.89
"2021","Pneumococcal Disease, Invasive","All","All",2153,5.63
"2022","Pneumococcal Disease, Invasive","All","All",3984,10.23
"2000","West Nile Virus Infection","All","All",,
"2001","West Nile Virus Infection","All","All",,
"2002","West Nile Virus Infection","All","All",,
"2003","West Nile Virus Infection","All","All",1488,4.7
"2004","West Nile Virus Infection","All","All",32,0.1
"2005","West Nile Virus Infection","All","All",238,0.74
"2006","West Nile Virus Infection","All","All",151,0.46
"2007","West Nile Virus Infection","All","All",2401,7.3
"2008","West Nile Virus Infection","All","All",37,0.11
"2009","West Nile Virus Infection","All","All",14,0.04
"2010","West Nile Virus Infection","All","All",5,0.01
"2011","West Nile Virus Infection","All","All",124,0.36
"2012","West Nile Virus Infection","All","All",454,1.31
"2013","West Nile Virus Infection","All","All",114,0.32
"2014","West Nile Virus Infection","All","All",23,0.06
"2015","West Nile Virus Infection","All","All",84,0.24
"2016","West Nile Virus Infection","All","All",162,0.45
"2017","West Nile Virus Infection","All","All",202,0.55
"2018","West Nile Virus Infection","All","All",437,1.18
"2019","West Nile Virus Infection","All","All",43,0.11
"2020","West Nile Virus Infection","All","All",163,0.43
"2021","West Nile Virus Infection","All","All",44,0.12
"2022","West Nile Virus Infection","All","All",47,0.12
"2000","Severe Acute Respiratory Syndrome","All","All",,
"2001","Severe Acute Respiratory Syndrome","All","All",,
"2002","Severe Acute Respiratory Syndrome","All","All",,
"2003","Severe Acute Respiratory Syndrome","All","All",,
"2004","Severe Acute Respiratory Syndrome","All","All",0,0
"2005","Severe Acute Respiratory Syndrome","All","All",0,0
"2006","Severe Acute Respiratory Syndrome","All","All",0,0
"2007","Severe Acute Respiratory Syndrome","All","All",0,0
"2008","Severe Acute Respiratory Syndrome","All","All",0,0
"2009","Severe Acute Respiratory Syndrome","All","All",0,0
"2010","Severe Acute Respiratory Syndrome","All","All",0,0
"2011","Severe Acute Respiratory Syndrome","All","All",0,0
"2012","Severe Acute Respiratory Syndrome","All","All",0,0
"2013","Severe Acute Respiratory Syndrome","All","All",0,0
"2014","Severe Acute Respiratory Syndrome","All","All",0,0
"2015","Severe Acute Respiratory Syndrome","All","All",0,0
"2016","Severe Acute Respiratory Syndrome","All","All",0,0
"2017","Severe Acute Respiratory Syndrome","All","All",0,0
"2018","Severe Acute Respiratory Syndrome","All","All",0,0
"2019","Severe Acute Respiratory Syndrome","All","All",0,0
"2020","Severe Acute Respiratory Syndrome","All","All",0,0
"2021","Severe Acute Respiratory Syndrome","All","All",0,0
"2022","Severe Acute Respiratory Syndrome","All","All",0,0
"2000","Clostridium difficile Associated Diarrhea","All","All",,
"2001","Clostridium difficile Associated Diarrhea","All","All",,
"2002","Clostridium difficile Associated Diarrhea","All","All",,
"2003","Clostridium difficile Associated Diarrhea","All","All",,
"2004","Clostridium difficile Associated Diarrhea","All","All",,
"2005","Clostridium difficile Associated Diarrhea","All","All",,
"2006","Clostridium difficile Associated Diarrhea","All","All",,
"2007","Clostridium difficile Associated Diarrhea","All","All",,
"2008","Clostridium difficile Associated Diarrhea","All","All",,
"2009","Clostridium difficile Associated Diarrhea","All","All",855,68.31
"2010","Clostridium difficile Associated Diarrhea","All","All",837,66.21
"2011","Clostridium difficile Associated Diarrhea","All","All",1222,62.8
"2012","Clostridium difficile Associated Diarrhea","All","All",5231,77.17
"2013","Clostridium difficile Associated Diarrhea","All","All",6204,89.49
"2014","Clostridium difficile Associated Diarrhea","All","All",6284,89.14
"2015","Clostridium difficile Associated Diarrhea","All","All",7030,98.51
"2016","Clostridium difficile Associated Diarrhea","All","All",7512,104.16
"2017","Clostridium difficile Associated Diarrhea","All","All",7228,99.18
"2018","Clostridium difficile Associated Diarrhea","All","All",7361,90.39
"2019","Clostridium difficile Associated Diarrhea","All","All",6575,85.17
"2020","Clostridium difficile Associated Diarrhea","All","All",6370,81.19
"2021","Clostridium difficile Associated Diarrhea","All","All",6455,81.67
"2022","Clostridium difficile Associated Diarrhea","All","All",7011,87.03
"2000","Norovirus Infection","All","All",,
"2001","Norovirus Infection","All","All",,
"2002","Norovirus Infection","All","All",,
"2003","Norovirus Infection","All","All",,
"2004","Norovirus Infection","All","All",,
"2005","Norovirus Infection","All","All",,
"2006","Norovirus Infection","All","All",,
"2007","Norovirus Infection","All","All",0,0
"2008","Norovirus Infection","All","All",0,0
"2009","Norovirus Infection","All","All",45,8.19
"2010","Norovirus Infection","All","All",164,29.53
"2011","Norovirus Infection","All","All",57,10.19
"2012","Norovirus Infection","All","All",454,10.24
"2013","Norovirus Infection","All","All",346,7.56
"2014","Norovirus Infection","All","All",407,8.69
"2015","Norovirus Infection","All","All",408,8.58
"2016","Norovirus Infection","All","All",401,8.35
"2017","Norovirus Infection","All","All",273,5.64
"2018","Norovirus Infection","All","All",560,11.43
"2019","Norovirus Infection","All","All",372,8.39
"2020","Norovirus Infection","All","All",158,3.52
"2021","Norovirus Infection","All","All",199,4.41
"2022","Norovirus Infection","All","All",319,5.27
"2000","Paralytic Shellfish Poisoning","All","All",,
"2001","Paralytic Shellfish Poisoning","All","All",,
"2002","Paralytic Shellfish Poisoning","All","All",,
"2003","Paralytic Shellfish Poisoning","All","All",,
"2004","Paralytic Shellfish Poisoning","All","All",,
"2005","Paralytic Shellfish Poisoning","All","All",,
"2006","Paralytic Shellfish Poisoning","All","All",,
"2007","Paralytic Shellfish Poisoning","All","All",0,0
"2008","Paralytic Shellfish Poisoning","All","All",0,0
"2009","Paralytic Shellfish Poisoning","All","All",0,0
"2010","Paralytic Shellfish Poisoning","All","All",0,0
"2011","Paralytic Shellfish Poisoning","All","All",0,0
"2012","Paralytic Shellfish Poisoning","All","All",0,0
"2013","Paralytic Shellfish Poisoning","All","All",0,0
"2014","Paralytic Shellfish Poisoning","All","All",0,0
"2015","Paralytic Shellfish Poisoning","All","All",0,0
"2016","Paralytic Shellfish Poisoning","All","All",0,0
"2017","Paralytic Shellfish Poisoning","All","All",0,0
"2018","Paralytic Shellfish Poisoning","All","All",2,0.01
"2019","Paralytic Shellfish Poisoning","All","All",3,0.01
"2020","Paralytic Shellfish Poisoning","All","All",0,0
"2021","Paralytic Shellfish Poisoning","All","All",0,0
"2022","Paralytic Shellfish Poisoning","All","All",0,0
"2000","Haemophilus influenzae Disease, non-b, Invasive ","All","All",,
"2001","Haemophilus influenzae Disease, non-b, Invasive ","All","All",,
"2002","Haemophilus influenzae Disease, non-b, Invasive ","All","All",,
"2003","Haemophilus influenzae Disease, non-b, Invasive ","All","All",,
"2004","Haemophilus influenzae Disease, non-b, Invasive ","All","All",,
"2005","Haemophilus influenzae Disease, non-b, Invasive ","All","All",,
"2006","Haemophilus influenzae Disease, non-b, Invasive ","All","All",,
"2007","Haemophilus influenzae Disease, non-b, Invasive ","All","All",87,0.83
"2008","Haemophilus influenzae Disease, non-b, Invasive ","All","All",100,0.95
"2009","Haemophilus influenzae Disease, non-b, Invasive ","All","All",109,1.02
"2010","Haemophilus influenzae Disease, non-b, Invasive ","All","All",140,1.3
"2011","Haemophilus influenzae Disease, non-b, Invasive ","All","All",214,1.39
"2012","Haemophilus influenzae Disease, non-b, Invasive ","All","All",271,1.39
"2013","Haemophilus influenzae Disease, non-b, Invasive ","All","All",290,1.46
"2014","Haemophilus influenzae Disease, non-b, Invasive ","All","All",287,1.43
"2015","Haemophilus influenzae Disease, non-b, Invasive ","All","All",317,1.57
"2016","Haemophilus influenzae Disease, non-b, Invasive ","All","All",367,1.79
"2017","Haemophilus influenzae Disease, non-b, Invasive ","All","All",388,1.87
"2018","Haemophilus influenzae Disease, non-b, Invasive ","All","All",551,1.56
"2019","Haemophilus influenzae Disease, non-b, Invasive ","All","All",651,1.82
"2020","Haemophilus influenzae Disease, non-b, Invasive ","All","All",204,0.56
"2021","Haemophilus influenzae Disease, non-b, Invasive ","All","All",274,0.75
"2022","Haemophilus influenzae Disease, non-b, Invasive ","All","All",570,1.54
"2000","Influenza, Epidemic","All","All",,
"2001","Influenza, Epidemic","All","All",,
"2002","Influenza, Epidemic","All","All",,
"2003","Influenza, Epidemic","All","All",,
"2004","Influenza, Epidemic","All","All",,
"2005","Influenza, Epidemic","All","All",,
"2006","Influenza, Epidemic","All","All",,
"2007","Influenza, Epidemic","All","All",,
"2008","Influenza, Epidemic","All","All",,
"2009","Influenza, Epidemic","All","All",,
"2010","Influenza, Epidemic","All","All",,
"2011","Influenza, Epidemic","All","All",,
"2012","Influenza, Epidemic","All","All",,
"2013","Influenza, Epidemic","All","All",,
"2014","Influenza, Epidemic","All","All",,
"2015","Influenza, Epidemic","All","All",,
"2016","Influenza, Epidemic","All","All",,
"2017","Influenza, Epidemic","All","All",,
"2018","Influenza, Epidemic","All","All",,
"2019","Influenza, Epidemic","All","All",,
"2020","Influenza, Epidemic","All","All",,
"2021","Influenza, Epidemic","All","All",,
"2022","Influenza, Epidemic","All","All",,